{"cameraMode":{"drawMode":0,"name":"Shaded","section":"Shading Mode"},"sceneLighting":false,"audioPlay":false,"sceneViewState":{"showFog":true,"showMaterialUpdate":false,"showSkybox":false,"showFlares":true,"showImageEffects":true,"showParticleSystems":true},"in2DMode":false,"pivot":{"x":0.559999942779541,"y":3.619999885559082,"z":0.0},"rotation":{"x":0.061460383236408237,"y":-0.005387661512941122,"z":0.00033214016002602875,"w":0.998095691204071},"size":0.7141427993774414,"orthographic":false}