{"cameraMode":{"drawMode":0,"name":"Shaded","section":"Shading Mode"},"sceneLighting":false,"audioPlay":false,"sceneViewState":{"showFog":true,"showMaterialUpdate":false,"showSkybox":false,"showFlares":true,"showImageEffects":true,"showParticleSystems":true},"in2DMode":false,"pivot":{"x":3.0091609954833986,"y":0.04460274800658226,"z":-0.6886401176452637},"rotation":{"x":0.03427242487668991,"y":0.25995758175849917,"z":-0.009229783900082112,"w":0.9649714231491089},"size":4.089309215545654,"orthographic":false}